,sequence,length,radius_of_gyration,end_to_end_distance,scaling_exponent,asphericity,prefactor
0,"YYLEPLPLPP
EDEEPPAPTL
LEPEKKAPEP
PKTDKPGAAP
PSTEERKKKS
TKGKKRSQPA
TKTEDYGMGP
GRSGPYGVTV
PPDLLHHPNP
GSITHLNYRQ
GSIGLYTQNQ
PLPAGGPRVD
PYRPVRLPMQ
KLPTRPTYPG
VLPTTMTGVM
GLEPSSYKTS
VYRQQQPAVP
QGQRLRQQLQ
QSQGMLGQSS
VHQMTPSSSY
GLQTSQGYTP
YVSHVGLQQH
TGPAGTMVPP
SYSSQPYQST
HPSTNPTLVD
PTRHLQQRPS
GYVHQQAPTY
GHGLTSTQRF
SHQTLQQTPM
ISTMTPMSAQ
GVQAGVRSTA
ILPEQQQQQQ
QQQQQQQQQQ
QQQQQQQQQQ
YHIRQQQQQQ
ILRQQQQQQQ
QQQQQQQQQQ
QQQQQQQQQH
QQQQQQQAAP
PQPQPQSQPQ
FQRQGLQQTQ
QQQQTAALVR
QLQQQLSNTQ
PQPSTNIFGR
Y",441,57.260090589523315,130.93431186676025,0.4864148,0.357,7.847763
