,Sequence
P300_TAZ1,DPEKRKLIQQQLVLLLHAHKCQRREQANGEVRQCNLPHCRTMKNVLNHMTHCQSGKSCQVAHCASSRQIISHWKNCTRHDCPVCLPL
P300_TAZ2,GDSRRLSIQRCIQSLVHACQCRNANCSLPSCQKMKRVVQHTKGCKRKTNGGCPICKQLIALCCYHAKHCQENKCPVPFCLNI
P300_KIX,GIRKQWHEDITQDLRNHLVHKLVQAIFPTPDPAALKDRRMENLVAYARKVEGDMYESANNRAEYYHLLAEKIYKIQKELE
P300_CBP_HAT,KFSAKRLPSTRLGTFLENRVNDFLRRQNHPESGEVTVRVVHASDKTVEVKPGMKARFVDSGEMAESFPYRTKALFAFEEIDGVDLCFFGMHVQEYGSDCPPPNQRRVYISYLDSVHFFRPKCLRTAVYHEILIGYLEYVKKLGYTTGHIWACPPSEGDDYIFHCHPPDQKIPKPKRLQEWYKKMLDKAVSERIVHDYKDIFKQATEDRLTSAKELPYFEGDFWPNVLEESIKELEQEEEERKREENTSNESTDVTKGDSKNAKKKNNKKTSKNKSSLSRGNKKKPGMPNVSNDLSQKLYATMEKHKEVFFVIRLIAGPAANSLPPIVDPDPLIPCDLMDGRDAFLTLARDKHLEFSSLRRAQWSTMCMLVELHTQSQ
P300_ZZ_type,RFVYTCNECKHHVETRWHCTVCEDYDLCITCYNTKNHDHKMEKLGLGLD
P300_Bromo,RQDPESLPFRQPVDPQLLGIPDYFDIVKSPMDLSTIKRKLDTGQYQEPWQYVDDIWLMFNNAWLYNRKTSRVY
MED15_folded_region_1,MDVSGQETDWRSTAFRQKLVSQIEDAMRKAGVAHSKSSKDMESHVFLKAKTRDEYLSLVARLIIHFRDIHN
MED15_folded_region_2,ALQQQQQQQQFQQQQQAALQQQQQQQQQQQFQAQQSAMQQQFQAVVQQQQQLQQQQQQQQHLIKLHHQNQQQIQQQQQQLQRIAQLQLQQQQQ
MED15_folded_region_3,QQYLDKLKQLSKYIEPLRRMINKIDKNEDRKKDLSKMKSLLDILTDPSKRCPLKTLQKCEIALEKLKNDMAVPTPPPPPVPPTKQQYLCQPLLDAVLANIRSPVFNHSLYRTFVPAMTAIHGPPITAPVVCTRKRRLEDDERQSIPSVLQGEVARLDPKFLVNLDPSHCSNNGTVHLICKLDDKDLPSVPPLELSVPADYPAQSPLWIDRQWQYDANPFLQSVHRCMTSRLLQLPDKHSVTALLNTWAQSVHQACLSAA
MED15_disorder_region_1,KKSQASVSDPMNALQSLTGGPAAGAAGIGMPPRGPGQSLGGMGSLGAMGQPMSLSGQPPPGTSGMAPHSMAVVSTATPQTQLQLQQV
MED15_disorder_region_2,QQQQQQQQQQQALQAQPPIQQPPMQQPQPPPSQALPQQLQQMHHTQHHQPPPQPQQPPVAQNQPSQLPPQSQTQPLVSQAQALPGQMLYTQPPLKFVRAPMVVQQPPVQPQVQQQQTAVQTAQAAQMVAPGVQMITEALAQGGMHIRARFPPTTAVSAIPSSSIPLGRQPMAQVSQSSLPMLSSPSPGQQVQTPQSMPPPPQPSPQPGQPSSQPNSNVSSGPAPSPSSFLPSPSPQPSQSPVTARTPQNFSVPSPGPLNTPVNPSSVMSPAGSSQAEE
MED15_folded_region_1,MDVSGQETDWRSTAFRQKLVSQIEDAMRKAGVAHSKSSKDMESHVFLKAKTRDEYLSLVARLIIHFRDIHN
MED15_folded_region_2,ALQQQQQQQQFQQQQQAALQQQQQQQQQQQFQAQQSAMQQQFQAVVQQQQQLQQQQQQQQHLIKLHHQNQQQIQQQQQQLQRIAQLQLQQQQQ
MED15_folded_region_3,QQYLDKLKQLSKYIEPLRRMINKIDKNEDRKKDLSKMKSLLDILTDPSKRCPLKTLQKCEIALEKLKNDMAVPTPPPPPVPPTKQQYLCQPLLDAVLANIRSPVFNHSLYRTFVPAMTAIHGPPITAPVVCTRKRRLEDDERQSIPSVLQGEVARLDPKFLVNLDPSHCSNNGTVHLICKLDDKDLPSVPPLELSVPADYPAQSPLWIDRQWQYDANPFLQSVHRCMTSRLLQLPDKHSVTALLNTWAQSVHQACLSAA
MED15_disorder_region_1,KKSQASVSDPMNALQSLTGGPAAGAAGIGMPPRGPGQSLGGMGSLGAMGQPMSLSGQPPPGTSGMAPHSMAVVSTATPQTQLQLQQV
MED15_disorder_region_2,QQQQQQQQQQQALQAQPPIQQPPMQQPQPPPSQALPQQLQQMHHTQHHQPPPQPQQPPVAQNQPSQLPPQSQTQPLVSQAQALPGQMLYTQPPLKFVRAPMVVQQPPVQPQVQQQQTAVQTAQAAQMVAPGVQMITEALAQGGMHIRARFPPTTAVSAIPSSSIPLGRQPMAQVSQSSLPMLSSPSPGQQVQTPQSMPPPPQPSPQPGQPSSQPNSNVSSGPAPSPSSFLPSPSPQPSQSPVTARTPQNFSVPSPGPLNTPVNPSSVMSPAGSSQAEE
MED9,MASAGVAAGRQAEDVLPPTSDQPLPDTKPLPPPQPPPVPAPQPQQSPAPRPQSPARAREEENYSFLPLVHNIIKCMDKDSPEVHQDLNALKSKFQEMRKLISTMPGIHLSPEQQQQQLQSLREQVRTKNELLQKYKSLCMFEIPKE
TFIID_TAF9,MESGKTASPKSMPKDAQMMAQILKDMGITEYEPRVINQMLEFAFRYVTTILDDAKIYSSHAKKATVDADDVRLAIQCRADQSFTSPPPRDFLLDIARQRNQTPLPLIKPYSGPRLPPDRYCLTAPNYRLKSLQKKASTSAGRITVPRLSVGSVTSRPSTPTLGTPTPQTMSVSTKVGTPMSLTGQRFTVQMPTSQSPAVKASIPATSAVQNVLINPSLIGSKNILITTNMMSSQNTANESSNALKRKREDDDDDDDDDDDYDNL
TFIID_TAF12,MNQFGPSALINLSNFSSIKPEPASTPPQGSMANSTAVVKIPGTPGAGGRLSPENNQVLTKKKLQDLVREVDPNEQLDEDVEEMLLQIADDFIESVVTAACQLARHRKSSTLEVKDVQLHLERQWNMWIPGFGSEEIRPYKKACTTEAHKQRMALIRKTTKK
BRD4_Bromo1,WKHQFAWPFQQPVDAVKLNLPDYYKIIKTPMDMGTIKKRLENNYYWNAQECIQDFNTMFTNCYIYNKPGDDIV
BRD4_Bromo2,KHAAYAWPFYKPVDVEALGLHDYCDIIKHPMDMSTIKSKLEAREYRDAQEFGADVRLMFSNCYKYNPPDHEVV
