,Protein,start,end,Sequence,group
9,MED12L,1,61,MAAFGLLSYEQRPLKRPRLGPPDVYPQDPKQKEDELTAVNVKQGFNNQPAFTGDEHGSARN,1.0
10,MED12L,317,343,SPHMMIGPNNSSIGAPSPGPPGPGMSP,2.0
11,MED12L,391,405,ANPGSPLDLLQVAPS,
12,MED12L,545,564,GESEVLDEKESISSSSLAGS,3.0
13,MED12L,626,691,DLSVTASTRPRSPVGENADEHYSKDHDVKMEIFSPMPGESCENANTSLGRRMSVNCEKLVKREKPR,4.0
14,MED12L,756,778,NKKSTTETGVGDEGQKARKNKQE,5.0
15,MED12L,1366,1461,QSADLNNSSNSGMSLFNPNSIGSADTSSTRQNGIKTFLSSSERRGVWLVAPLIARLPTSVQGRVLKAAGEELEKGQHLGSSSKKERDRQKQKSMSL,6.0
16,MED12L,1717,2145,MPKPRSYYLQPLPLPPEEEEEEPTSPVSQEPERKSAELSDQGKTTTDEEKKTKGRKRKTKSSSRVDEYPQSNIYRVPPNYSPISSQMMHHPQSTLWGYNLVGQPQQPGFFLQNQSLTPGGSRLDPAGSFVPTNTKQALSNMLQRRSGAMMQPPSLHAITSQQQLIQMKLLQQQQQQRLLRQAQTRPFQQGQPGDQAALFAAQARPSPQLPQYPGLQQAQTMPQGYTMYGTQMPLQQTSQQQAGSVVLSPSYNSRAYPAAHSNPVLMERLRQIQQQPSGYVQQQASPYLQPLTGSQRLNHQALQQSPLVGGGIDAVLTSAHPNLPSVPLPQDPMRPRQPQVRQQQRLLQMQQPQQPQPQQPPQPQQSSQSQSQTLGLQAMQPQQPLFPRQGLQQTQQQQQTAALVRQLQKQLSSNQPQQGVTPYGHPSHF,7.0
8,MED12L,1,2145,MAAFGLLSYEQRPLKRPRLGPPDVYPQDPKQKEDELTAVNVKQGFNNQPAFTGDEHGSARNIVINPSKIGAYFSSILAEKLKLNTFQDTGKKKPQVNAKDNYWLVTARSQSAIHSWFSDLAGNKPLSILAKKVPILSKKEDVFAYLAKYSVPMVRATWLIKMTCAYYSAISEAKIKKRQAPDPNLEWTQISTRYLREQLAKISDFYHMASSTGDGPVPVPPEVEQAMKQWEYNEKLAFHMFQEGMLEKHEYLTWILDVLEKIRPMDDDLLKLLLPLMLQYSDEFVQSAYLSRRLAYFCARRLSLLLSDSPNLLAAHSPHMMIGPNNSSIGAPSPGPPGPGMSPVQLAFSDFLSCAQHGPLVYGLSCMLQTVTLCCPSALVWNYSTNENKSANPGSPLDLLQVAPSSLPMPGGNTAFNQQVRARIYEVEQQIKQRGRAVEVRWSFDKCQESTAGVTISRVLHTLEVLDRHCFDRTDSSNSMETLYHKIFWANQNKDNQEVAPNDEAVVTLLCEWAVSCKRSGKHRAMAVAKLLEKRQAEIEAERCGESEVLDEKESISSSSLAGSSLPVFQNVLLRFLDTQAPSLSDPNSECEKVEFVNLVLLFCEFIRHDVFSHDAYMCTLISRGDLSVTASTRPRSPVGENADEHYSKDHDVKMEIFSPMPGESCENANTSLGRRMSVNCEKLVKREKPRELIFPSNYDLLRHLQYATHFPIPLDESSSHECNQRTILLYGVGKERDEARHQLKKITKDILKILNKKSTTETGVGDEGQKARKNKQETFPTLETVFTKLQLLSYFDQHQVTSQISNNVLEQITSFASGTSYHLPLAHHIQLIFDLMEPALNINGLIDFAIQLLNELSVVEAELLLKSSSLAGSYTTGLCVCIVAVLRRYHSCLILNPDQTAQVFEGLCGVVKHVVNPSECSSPERCILAYLYDLYVSCSHLRSKFGDLFSSACSKVKQTIYNNVMPANSNLRWDPDFMMDFIENPSARSINYSMLGKILSDNAANRYSFVCNTLMNVCMGHQDAGRINDIANFSSELTACCTVLSSEWLGVLKALCCSSNHVWGFNDVLCTVDVSDLSFHDSLATFIAILIARQCFSLEDVVQHVALPSLLAAACGDADAEPGARMTCRLLLHLFRAPQACFLPQATGKPFPGIRSSCDRHLLAAAHNSIEVGAVFAVLKAIMMLGDAKIGNNSVSSLKNDDFTMRGLRCDGNADDIWTASQNPKSCGKSISIETANLREYARYVLRTICQQEWVGEHCLKEPERLCTDKELILDPVLSNMQAQKLLQLICYPHGIKECTEGDNLQRQHIKRILQNLEQWTLRQSWLELQLMIKQCLKDPGSGSVAEMNNLLDNIAKATIEVFQQSADLNNSSNSGMSLFNPNSIGSADTSSTRQNGIKTFLSSSERRGVWLVAPLIARLPTSVQGRVLKAAGEELEKGQHLGSSSKKERDRQKQKSMSLLSQQPFLSLVLTCLKGQDEQREGLLTSLQNQVNQILSNWREERYQDDIKARQMMHEALQLRLNLVGGMFDTVQRSTQWTTDWALLLLQIITSGTVDMHTNNELFTTVLDMLGVLINGTLASDLSNASPGGSEENKRAYMNLVKKLKKELGDKRSESIDKVRQLLPLPKQTCDVITCEPMGSLIDTKGNKIAGFDSIDKKQGLQVSTKQKVSPWDLFEGQKNPAPLSWAWFGTVRVDRRVIKYEEQHHLLLYHTHPMPKPRSYYLQPLPLPPEEEEEEPTSPVSQEPERKSAELSDQGKTTTDEEKKTKGRKRKTKSSSRVDEYPQSNIYRVPPNYSPISSQMMHHPQSTLWGYNLVGQPQQPGFFLQNQSLTPGGSRLDPAGSFVPTNTKQALSNMLQRRSGAMMQPPSLHAITSQQQLIQMKLLQQQQQQRLLRQAQTRPFQQGQPGDQAALFAAQARPSPQLPQYPGLQQAQTMPQGYTMYGTQMPLQQTSQQQAGSVVLSPSYNSRAYPAAHSNPVLMERLRQIQQQPSGYVQQQASPYLQPLTGSQRLNHQALQQSPLVGGGIDAVLTSAHPNLPSVPLPQDPMRPRQPQVRQQQRLLQMQQPQQPQPQQPPQPQQSSQSQSQTLGLQAMQPQQPLFPRQGLQQTQQQQQTAALVRQLQKQLSSNQPQQGVTPYGHPSHF,Whole Sequence
